fecha,hora,objeto,centro_x,centro_y,centro_x_old,centro_y_old,vd_x,vd_y,centro_x_obst,centro_y_obst,vd_angulo,vd_distancia
03/12/23,04:57:22,person,83,76,83,76,0,0,83,76,0,0.0
03/12/23,04:57:22,person,83,76,83,76,0,0,246,86,0,163.31
03/12/23,04:57:22,person,83,76,83,76,0,0,4,160,0,115.31
03/12/23,04:57:22,person,83,76,83,76,0,0,199,125,0,125.92
03/12/23,04:57:27,person,85,80,83,76,0,0,85,80,0,0.0
03/12/23,04:57:27,person,85,80,83,76,0,0,200,126,0,123.86
03/12/23,04:57:30,person,87,88,85,80,0,0,87,88,0,0.0
03/12/23,04:57:30,person,87,88,85,80,0,0,200,126,0,119.22
03/12/23,04:57:30,person,87,88,85,80,0,0,4,162,0,111.2
03/12/23,04:57:34,person,90,83,87,88,0,0,90,83,0,0.0
03/12/23,04:57:34,person,90,83,87,88,0,0,201,123,0,117.99
03/12/23,04:57:34,person,90,83,87,88,0,0,4,162,0,116.78
03/12/23,04:57:38,person,91,84,90,83,0,0,91,84,0,0.0
03/12/23,04:57:38,person,91,84,90,83,0,0,4,154,0,111.66
03/12/23,04:57:38,person,91,84,90,83,0,0,202,123,0,117.65
03/12/23,04:57:41,person,90,83,91,84,0,0,90,83,0,0.0
03/12/23,04:57:41,person,90,83,91,84,0,0,5,153,0,110.11
03/12/23,04:57:41,person,90,83,91,84,0,0,202,124,0,119.27
03/12/23,04:57:45,person,93,75,90,83,0,0,93,75,0,0.0
03/12/23,04:57:45,person,93,75,90,83,0,0,6,153,0,116.85
03/12/23,04:57:45,person,93,75,90,83,0,0,204,121,0,120.15
03/12/23,04:57:49,person,98,79,93,75,0,0,98,79,0,0.0
03/12/23,04:57:49,person,98,79,93,75,0,0,7,151,0,116.04
03/12/23,04:57:49,person,98,79,93,75,0,0,205,121,0,114.95
03/12/23,04:57:53,person,98,79,98,79,0,0,98,79,0,0.0
03/12/23,04:57:53,person,98,79,98,79,0,0,9,153,0,115.75
03/12/23,04:57:53,person,98,79,98,79,0,0,207,122,0,117.18
03/12/23,05:27:06,person,83,76,83,76,0,0,83,76,0,0.0
03/12/23,05:27:06,person,83,76,83,76,0,0,246,86,0,163.31
03/12/23,05:27:06,person,83,76,83,76,0,0,4,160,0,115.31
03/12/23,05:27:06,person,83,76,83,76,0,0,199,125,0,125.92
03/12/23,05:27:09,person,85,80,83,76,0,0,85,80,0,0.0
03/12/23,05:27:09,person,85,80,83,76,0,0,200,126,0,123.86
03/12/23,05:27:13,person,87,88,85,80,0,0,87,88,0,0.0
03/12/23,05:27:13,person,87,88,85,80,0,0,200,126,0,119.22
03/12/23,05:27:13,person,87,88,85,80,0,0,4,162,0,111.2
03/12/23,05:27:17,person,90,83,87,88,0,0,90,83,0,0.0
03/12/23,05:27:17,person,90,83,87,88,0,0,201,123,0,117.99
03/12/23,05:27:17,person,90,83,87,88,0,0,4,162,0,116.78
03/12/23,05:28:40,person,83,76,83,76,0,0,83,76,0,0.0
03/12/23,05:28:40,person,83,76,83,76,0,0,246,86,0,163.31
03/12/23,05:28:40,person,83,76,83,76,0,0,4,160,0,115.31
03/12/23,05:28:40,person,83,76,83,76,0,0,199,125,0,125.92
03/12/23,05:28:44,person,85,80,83,76,0,0,85,80,0,0.0
03/12/23,05:28:44,person,85,80,83,76,0,0,200,126,0,123.86
03/12/23,05:28:47,person,87,88,85,80,0,0,87,88,0,0.0
03/12/23,05:28:47,person,87,88,85,80,0,0,200,126,0,119.22
03/12/23,05:28:47,person,87,88,85,80,0,0,4,162,0,111.2
03/12/23,05:29:45,person,83,76,83,76,0,0,83,76,0,0.0
03/12/23,05:29:45,person,83,76,83,76,0,0,246,86,0,163.31
03/12/23,05:29:45,person,83,76,83,76,0,0,4,160,0,115.31
03/12/23,05:29:45,person,83,76,83,76,0,0,199,125,0,125.92
03/12/23,05:29:48,person,85,80,83,76,0,0,85,80,0,0.0
03/12/23,05:29:48,person,85,80,83,76,0,0,200,126,0,123.86
03/12/23,05:29:52,person,87,88,85,80,0,0,87,88,0,0.0
03/12/23,05:29:52,person,87,88,85,80,0,0,200,126,0,119.22
03/12/23,05:29:52,person,87,88,85,80,0,0,4,162,0,111.2
03/12/23,05:29:55,person,90,83,87,88,0,0,90,83,0,0.0
03/12/23,05:29:55,person,90,83,87,88,0,0,201,123,0,117.99
03/12/23,05:29:55,person,90,83,87,88,0,0,4,162,0,116.78
03/12/23,05:29:59,person,91,84,90,83,0,0,91,84,0,0.0
03/12/23,05:29:59,person,91,84,90,83,0,0,4,154,0,111.66
03/12/23,05:29:59,person,91,84,90,83,0,0,202,123,0,117.65
03/12/23,05:30:03,person,90,83,91,84,0,0,90,83,0,0.0
03/12/23,05:30:03,person,90,83,91,84,0,0,5,153,0,110.11
03/12/23,05:30:03,person,90,83,91,84,0,0,202,124,0,119.27
03/12/23,05:52:25,person,83,76,83,76,0,0,83,76,0,0.0
03/12/23,05:52:25,person,83,76,83,76,0,0,246,86,0,163.31
03/12/23,05:52:25,person,83,76,83,76,0,0,4,160,0,115.31
03/12/23,05:52:25,person,83,76,83,76,0,0,199,125,0,125.92
03/12/23,05:52:28,person,85,80,83,76,0,0,85,80,0,0.0
03/12/23,05:52:28,person,85,80,83,76,0,0,200,126,0,123.86
03/12/23,05:52:32,person,87,88,85,80,0,0,87,88,0,0.0
03/12/23,05:52:32,person,87,88,85,80,0,0,200,126,0,119.22
03/12/23,05:52:32,person,87,88,85,80,0,0,4,162,0,111.2
03/12/23,05:52:35,person,90,83,87,88,0,0,90,83,0,0.0
03/12/23,05:52:35,person,90,83,87,88,0,0,201,123,0,117.99
03/12/23,05:52:35,person,90,83,87,88,0,0,4,162,0,116.78
03/12/23,05:52:39,person,91,84,90,83,0,0,91,84,0,0.0
03/12/23,05:52:39,person,91,84,90,83,0,0,4,154,0,111.66
03/12/23,05:52:39,person,91,84,90,83,0,0,202,123,0,117.65
03/12/23,05:53:16,person,83,76,83,76,0,0,83,76,0,0.0
03/12/23,05:53:16,person,83,76,83,76,0,0,246,86,0,163.31
03/12/23,05:53:16,person,83,76,83,76,0,0,4,160,0,115.31
03/12/23,05:53:16,person,83,76,83,76,0,0,199,125,0,125.92
03/12/23,05:53:20,person,85,80,83,76,0,0,85,80,0,0.0
03/12/23,05:53:20,person,85,80,83,76,0,0,200,126,0,123.86
03/12/23,05:53:23,person,87,88,85,80,0,0,87,88,0,0.0
03/12/23,05:53:23,person,87,88,85,80,0,0,200,126,0,119.22
03/12/23,05:53:23,person,87,88,85,80,0,0,4,162,0,111.2
03/12/23,05:53:27,person,90,83,87,88,0,0,90,83,0,0.0
03/12/23,05:53:27,person,90,83,87,88,0,0,201,123,0,117.99
03/12/23,05:53:27,person,90,83,87,88,0,0,4,162,0,116.78
03/12/23,05:53:30,person,91,84,90,83,0,0,91,84,0,0.0
03/12/23,05:53:30,person,91,84,90,83,0,0,4,154,0,111.66
03/12/23,05:53:30,person,91,84,90,83,0,0,202,123,0,117.65
03/12/23,05:53:34,person,90,83,91,84,0,0,90,83,0,0.0
03/12/23,05:53:34,person,90,83,91,84,0,0,5,153,0,110.11
03/12/23,05:53:34,person,90,83,91,84,0,0,202,124,0,119.27
03/12/23,05:53:37,person,93,75,90,83,0,0,93,75,0,0.0
03/12/23,05:53:37,person,93,75,90,83,0,0,6,153,0,116.85
03/12/23,05:53:37,person,93,75,90,83,0,0,204,121,0,120.15
03/12/23,05:53:41,person,98,79,93,75,0,0,98,79,0,0.0
03/12/23,05:53:41,person,98,79,93,75,0,0,7,151,0,116.04
03/12/23,05:53:41,person,98,79,93,75,0,0,205,121,0,114.95
03/12/23,05:59:29,person,83,76,83,76,0,0,83,76,0,0.0
03/12/23,05:59:29,person,83,76,83,76,0,0,246,86,0,163.31
03/12/23,05:59:29,person,83,76,83,76,0,0,4,160,0,115.31
03/12/23,05:59:29,person,83,76,83,76,0,0,199,125,0,125.92
03/12/23,05:59:33,person,85,80,83,76,0,0,85,80,0,0.0
03/12/23,05:59:33,person,85,80,83,76,0,0,200,126,0,123.86
03/12/23,05:59:36,person,87,88,85,80,0,0,87,88,0,0.0
03/12/23,05:59:36,person,87,88,85,80,0,0,200,126,0,119.22
03/12/23,05:59:36,person,87,88,85,80,0,0,4,162,0,111.2
03/12/23,05:59:40,person,90,83,87,88,0,0,90,83,0,0.0
03/12/23,05:59:40,person,90,83,87,88,0,0,201,123,0,117.99
03/12/23,05:59:40,person,90,83,87,88,0,0,4,162,0,116.78
03/12/23,06:01:29,person,83,76,83,76,0,0,83,76,0,0.0
03/12/23,06:01:29,person,83,76,83,76,0,0,246,86,0,163.31
03/12/23,06:01:29,person,83,76,83,76,0,0,4,160,0,115.31
03/12/23,06:01:29,person,83,76,83,76,0,0,199,125,0,125.92
03/12/23,06:01:32,person,85,80,83,76,0,0,85,80,0,0.0
03/12/23,06:01:32,person,85,80,83,76,0,0,200,126,0,123.86
03/12/23,06:01:36,person,87,88,85,80,0,0,87,88,0,0.0
03/12/23,06:01:36,person,87,88,85,80,0,0,200,126,0,119.22
03/12/23,06:01:36,person,87,88,85,80,0,0,4,162,0,111.2
03/12/23,06:01:39,person,90,83,87,88,0,0,90,83,0,0.0
03/12/23,06:01:39,person,90,83,87,88,0,0,201,123,0,117.99
03/12/23,06:01:39,person,90,83,87,88,0,0,4,162,0,116.78
03/12/23,08:45:53,person,83,76,83,76,0,0,83,76,0,0.0
03/12/23,08:45:53,person,83,76,83,76,0,0,246,86,0,163.31
03/12/23,08:45:53,person,83,76,83,76,0,0,4,160,0,115.31
03/12/23,08:45:53,person,83,76,83,76,0,0,199,125,0,125.92
03/12/23,08:46:04,person,85,80,83,76,0,0,85,80,0,0.0
03/12/23,08:46:04,person,85,80,83,76,0,0,200,126,0,123.86
03/12/23,08:46:08,person,87,88,85,80,0,0,87,88,0,0.0
03/12/23,08:46:08,person,87,88,85,80,0,0,200,126,0,119.22
03/12/23,08:46:08,person,87,88,85,80,0,0,4,162,0,111.2
03/12/23,08:46:11,person,90,83,87,88,0,0,90,83,0,0.0
03/12/23,08:46:11,person,90,83,87,88,0,0,201,123,0,117.99
03/12/23,08:46:11,person,90,83,87,88,0,0,4,162,0,116.78
03/12/23,08:48:01,person,83,76,83,76,0,0,83,76,0,0.0
03/12/23,08:48:01,person,83,76,83,76,0,0,246,86,0,163.31
03/12/23,08:48:01,person,83,76,83,76,0,0,4,160,0,115.31
03/12/23,08:48:01,person,83,76,83,76,0,0,199,125,0,125.92
03/12/23,08:48:05,person,85,80,83,76,0,0,85,80,0,0.0
03/12/23,08:48:05,person,85,80,83,76,0,0,200,126,0,123.86
03/12/23,08:48:08,person,87,88,85,80,0,0,87,88,0,0.0
03/12/23,08:48:08,person,87,88,85,80,0,0,200,126,0,119.22
03/12/23,08:48:08,person,87,88,85,80,0,0,4,162,0,111.2
03/12/23,08:48:12,person,90,83,87,88,0,0,90,83,0,0.0
03/12/23,08:48:12,person,90,83,87,88,0,0,201,123,0,117.99
03/12/23,08:48:12,person,90,83,87,88,0,0,4,162,0,116.78
03/12/23,08:48:16,person,91,84,90,83,0,0,91,84,0,0.0
03/12/23,08:48:16,person,91,84,90,83,0,0,4,154,0,111.66
03/12/23,08:48:16,person,91,84,90,83,0,0,202,123,0,117.65
03/12/23,08:48:19,person,90,83,91,84,0,0,90,83,0,0.0
03/12/23,08:48:19,person,90,83,91,84,0,0,5,153,0,110.11
03/12/23,08:48:19,person,90,83,91,84,0,0,202,124,0,119.27
03/12/23,08:48:23,person,93,75,90,83,0,0,93,75,0,0.0
03/12/23,08:48:23,person,93,75,90,83,0,0,6,153,0,116.85
03/12/23,08:48:23,person,93,75,90,83,0,0,204,121,0,120.15
03/12/23,08:48:27,person,98,79,93,75,0,0,98,79,0,0.0
03/12/23,08:48:27,person,98,79,93,75,0,0,7,151,0,116.04
03/12/23,08:48:27,person,98,79,93,75,0,0,205,121,0,114.95
03/12/23,08:48:30,person,98,79,98,79,0,0,98,79,0,0.0
03/12/23,08:48:30,person,98,79,98,79,0,0,9,153,0,115.75
03/12/23,08:48:30,person,98,79,98,79,0,0,207,122,0,117.18
03/12/23,08:48:34,person,100,77,98,79,0,0,11,159,0,121.02
03/12/23,08:48:34,person,100,77,98,79,0,0,100,77,0,0.0
03/12/23,08:48:34,person,100,77,98,79,0,0,209,116,0,115.77
03/12/23,08:48:38,person,100,77,100,77,0,0,12,160,0,120.97
03/12/23,08:48:38,person,100,77,100,77,0,0,100,77,0,0.0
03/12/23,08:48:38,person,100,77,100,77,0,0,122,46,0,38.01
03/12/23,08:48:38,person,100,77,100,77,0,0,210,117,0,117.05
03/04/24,20:03:16,person,83,76,83,76,0,0,83,76,0,0.0
03/04/24,20:03:16,person,83,76,83,76,0,0,246,86,0,163.31
03/04/24,20:03:16,person,83,76,83,76,0,0,4,160,0,115.31
03/04/24,20:03:16,person,83,76,83,76,0,0,199,125,0,125.92
03/04/24,20:03:29,person,83,76,83,76,0,0,83,76,0,0.0
03/04/24,20:03:29,person,83,76,83,76,0,0,246,86,0,163.31
03/04/24,20:03:29,person,83,76,83,76,0,0,4,160,0,115.31
03/04/24,20:03:29,person,83,76,83,76,0,0,199,125,0,125.92
03/04/24,20:04:13,person,83,76,83,76,0,0,83,76,0,0.0
03/04/24,20:04:13,person,83,76,83,76,0,0,246,86,0,163.31
03/04/24,20:04:13,person,83,76,83,76,0,0,4,160,0,115.31
03/04/24,20:04:13,person,83,76,83,76,0,0,199,125,0,125.92
03/04/24,20:08:51,person,83,76,83,76,0,0,83,76,0,0.0
03/04/24,20:08:51,person,83,76,83,76,0,0,246,86,0,163.31
03/04/24,20:08:51,person,83,76,83,76,0,0,4,160,0,115.31
03/04/24,20:08:51,person,83,76,83,76,0,0,199,125,0,125.92
03/04/24,20:09:52,person,83,76,83,76,0,0,83,76,0,0.0
03/04/24,20:09:52,person,83,76,83,76,0,0,246,86,0,163.31
03/04/24,20:09:52,person,83,76,83,76,0,0,4,160,0,115.31
03/04/24,20:09:52,person,83,76,83,76,0,0,199,125,0,125.92
03/04/24,20:10:38,person,83,76,83,76,0,0,83,76,0,0.0
03/04/24,20:10:38,person,83,76,83,76,0,0,246,86,0,163.31
03/04/24,20:10:38,person,83,76,83,76,0,0,4,160,0,115.31
03/04/24,20:10:38,person,83,76,83,76,0,0,199,125,0,125.92
03/04/24,20:18:47,person,83,76,83,76,0,0,83,76,0,0.0
03/04/24,20:18:47,person,83,76,83,76,0,0,246,86,0,163.31
03/04/24,20:18:47,person,83,76,83,76,0,0,4,160,0,115.31
03/04/24,20:18:47,person,83,76,83,76,0,0,199,125,0,125.92
03/04/24,20:18:50,person,85,80,83,76,0,0,85,80,0,0.0
03/04/24,20:18:50,person,85,80,83,76,0,0,200,126,0,123.86
03/04/24,20:18:52,person,87,88,85,80,2,4,87,88,0,0.0
03/04/24,20:18:52,person,87,88,85,80,2,4,200,126,44,119.22
03/04/24,20:18:52,person,87,88,85,80,2,4,4,162,-74,111.2
03/04/24,20:18:54,person,90,83,87,88,4,12,90,83,0,0.0
03/04/24,20:18:54,person,90,83,87,88,4,12,201,123,51,117.99
03/04/24,20:18:54,person,90,83,87,88,4,12,4,162,-65,116.78
03/04/24,20:18:56,person,91,84,90,83,7,7,91,84,0,0.0
03/04/24,20:18:56,person,91,84,90,83,7,7,4,154,-96,111.66
03/04/24,20:18:56,person,91,84,90,83,7,7,202,123,25,117.65
03/04/24,20:18:58,person,90,83,91,84,16,16,90,83,0,0.0
03/04/24,20:18:58,person,90,83,91,84,16,16,5,153,-95,110.11
03/04/24,20:18:58,person,90,83,91,84,16,16,202,124,24,119.27
03/04/24,20:19:00,person,93,75,90,83,10,6,93,75,0,0.0
03/04/24,20:19:00,person,93,75,90,83,10,6,6,153,-107,116.85
03/04/24,20:19:00,person,93,75,90,83,10,6,204,121,8,120.15
03/04/24,20:19:02,person,98,79,93,75,12,-26,98,79,0,0.0
03/04/24,20:19:02,person,98,79,93,75,12,-26,7,151,153,116.04
03/04/24,20:19:02,person,98,79,93,75,12,-26,205,121,-86,114.95
03/04/24,20:19:04,person,98,79,98,79,16,-8,98,79,0,0.0
03/04/24,20:19:04,person,98,79,98,79,16,-8,9,153,-166,115.75
03/04/24,20:19:04,person,98,79,98,79,16,-8,207,122,-48,117.18
03/04/24,20:19:06,person,100,77,98,79,14,-10,11,159,-172,121.02
03/04/24,20:19:06,person,100,77,98,79,14,-10,100,77,0,0.0
03/04/24,20:19:06,person,100,77,98,79,14,-10,209,116,-55,115.77
03/04/24,20:19:08,person,100,77,100,77,20,-12,12,160,-167,120.97
03/04/24,20:19:08,person,100,77,100,77,20,-12,100,77,0,0.0
03/04/24,20:19:08,person,100,77,100,77,20,-12,122,46,23,38.01
03/04/24,20:19:08,person,100,77,100,77,20,-12,210,117,-50,117.05
03/04/24,20:19:10,person,104,75,100,77,14,4,13,159,-121,123.84
03/04/24,20:19:10,person,104,75,100,77,14,4,104,75,0,0.0
03/04/24,20:19:12,person,104,75,104,75,12,-8,16,157,-170,120.28
03/04/24,20:19:12,person,104,75,104,75,12,-8,104,75,0,0.0
03/04/24,20:19:14,person,104,77,104,75,12,-8,17,158,-170,118.87
03/04/24,20:19:14,person,104,77,104,75,12,-8,104,77,0,0.0
03/04/24,20:19:14,person,104,77,104,75,12,-8,242,63,-27,138.71
03/04/24,20:20:44,person,83,76,83,76,0,0,83,76,0,0.0
03/04/24,20:20:44,person,83,76,83,76,0,0,246,86,0,163.31
03/04/24,20:20:44,person,83,76,83,76,0,0,4,160,0,115.31
03/04/24,20:20:44,person,83,76,83,76,0,0,199,125,0,125.92
03/04/24,20:20:46,person,85,80,83,76,0,0,85,80,0,0.0
03/04/24,20:20:46,person,85,80,83,76,0,0,200,126,0,123.86
03/04/24,20:20:48,person,87,88,85,80,2,4,87,88,0,0.0
03/04/24,20:20:48,person,87,88,85,80,2,4,200,126,44,119.22
03/04/24,20:20:48,person,87,88,85,80,2,4,4,162,-74,111.2
03/04/24,20:20:50,person,90,83,87,88,4,12,90,83,0,0.0
03/04/24,20:20:50,person,90,83,87,88,4,12,201,123,51,117.99
03/04/24,20:20:50,person,90,83,87,88,4,12,4,162,-65,116.78
03/04/24,20:20:52,person,91,84,90,83,7,7,91,84,0,0.0
03/04/24,20:20:52,person,91,84,90,83,7,7,4,154,-96,111.66
03/04/24,20:20:52,person,91,84,90,83,7,7,202,123,25,117.65
03/04/24,20:20:54,person,90,83,91,84,16,16,90,83,0,0.0
03/04/24,20:20:54,person,90,83,91,84,16,16,5,153,-95,110.11
03/04/24,20:20:54,person,90,83,91,84,16,16,202,124,24,119.27
03/04/24,20:20:56,person,93,75,90,83,10,6,93,75,0,0.0
03/04/24,20:20:56,person,93,75,90,83,10,6,6,153,-107,116.85
03/04/24,20:20:56,person,93,75,90,83,10,6,204,121,8,120.15
03/04/24,20:20:58,person,98,79,93,75,12,-26,98,79,0,0.0
03/04/24,20:20:58,person,98,79,93,75,12,-26,7,151,153,116.04
03/04/24,20:20:58,person,98,79,93,75,12,-26,205,121,-86,114.95
03/04/24,20:21:00,person,98,79,98,79,16,-8,98,79,0,0.0
03/04/24,20:21:00,person,98,79,98,79,16,-8,9,153,-166,115.75
03/04/24,20:21:00,person,98,79,98,79,16,-8,207,122,-48,117.18
03/04/24,20:25:11,person,83,76,83,76,0,0,83,76,0,0.0
03/04/24,20:25:11,person,83,76,83,76,0,0,246,86,0,163.31
03/04/24,20:25:11,person,83,76,83,76,0,0,4,160,0,115.31
03/04/24,20:25:11,person,83,76,83,76,0,0,199,125,0,125.92
03/04/24,20:25:13,person,85,80,83,76,0,0,85,80,0,0.0
03/04/24,20:25:13,person,85,80,83,76,0,0,200,126,0,123.86
03/04/24,20:25:15,person,87,88,85,80,2,4,87,88,0,0.0
03/04/24,20:25:15,person,87,88,85,80,2,4,200,126,44,119.22
03/04/24,20:25:15,person,87,88,85,80,2,4,4,162,-74,111.2
03/04/24,20:25:17,person,90,83,87,88,4,12,90,83,0,0.0
03/04/24,20:25:17,person,90,83,87,88,4,12,201,123,51,117.99
03/04/24,20:25:17,person,90,83,87,88,4,12,4,162,-65,116.78
03/04/24,20:25:19,person,91,84,90,83,7,7,91,84,0,0.0
03/04/24,20:25:19,person,91,84,90,83,7,7,4,154,-96,111.66
03/04/24,20:25:19,person,91,84,90,83,7,7,202,123,25,117.65
03/04/24,20:25:21,person,90,83,91,84,16,16,90,83,0,0.0
03/04/24,20:25:21,person,90,83,91,84,16,16,5,153,-95,110.11
03/04/24,20:25:21,person,90,83,91,84,16,16,202,124,24,119.27
03/04/24,20:25:24,person,93,75,90,83,10,6,93,75,0,0.0
03/04/24,20:25:24,person,93,75,90,83,10,6,6,153,-107,116.85
03/04/24,20:25:24,person,93,75,90,83,10,6,204,121,8,120.15
03/04/24,20:25:26,person,98,79,93,75,12,-26,98,79,0,0.0
03/04/24,20:25:26,person,98,79,93,75,12,-26,7,151,153,116.04
03/04/24,20:25:26,person,98,79,93,75,12,-26,205,121,-86,114.95
03/04/24,20:25:28,person,98,79,98,79,16,-8,98,79,0,0.0
03/04/24,20:25:28,person,98,79,98,79,16,-8,9,153,-166,115.75
03/04/24,20:25:28,person,98,79,98,79,16,-8,207,122,-48,117.18
03/04/24,20:25:30,person,100,77,98,79,14,-10,11,159,-172,121.02
03/04/24,20:25:30,person,100,77,98,79,14,-10,100,77,0,0.0
03/04/24,20:25:30,person,100,77,98,79,14,-10,209,116,-55,115.77
03/04/24,20:25:32,person,100,77,100,77,20,-12,12,160,-167,120.97
03/04/24,20:25:32,person,100,77,100,77,20,-12,100,77,0,0.0
03/04/24,20:25:32,person,100,77,100,77,20,-12,122,46,23,38.01
03/04/24,20:25:32,person,100,77,100,77,20,-12,210,117,-50,117.05
03/04/24,20:25:34,person,104,75,100,77,14,4,13,159,-121,123.84
03/04/24,20:25:34,person,104,75,100,77,14,4,104,75,0,0.0
03/04/24,20:25:36,person,104,75,104,75,12,-8,16,157,-170,120.28
03/04/24,20:25:36,person,104,75,104,75,12,-8,104,75,0,0.0
03/04/24,20:26:13,person,83,76,83,76,0,0,83,76,0,0.0
03/04/24,20:26:13,person,83,76,83,76,0,0,246,86,0,163.31
03/04/24,20:26:13,person,83,76,83,76,0,0,4,160,0,115.31
03/04/24,20:26:13,person,83,76,83,76,0,0,199,125,0,125.92
03/04/24,20:26:15,person,85,80,83,76,0,0,85,80,0,0.0
03/04/24,20:26:15,person,85,80,83,76,0,0,200,126,0,123.86
03/04/24,20:26:17,person,87,88,85,80,2,4,87,88,0,0.0
03/04/24,20:26:17,person,87,88,85,80,2,4,200,126,44,119.22
03/04/24,20:26:17,person,87,88,85,80,2,4,4,162,-74,111.2
03/04/24,20:26:19,person,90,83,87,88,4,12,90,83,0,0.0
03/04/24,20:26:19,person,90,83,87,88,4,12,201,123,51,117.99
03/04/24,20:26:19,person,90,83,87,88,4,12,4,162,-65,116.78
03/04/24,20:26:21,person,91,84,90,83,7,7,91,84,0,0.0
03/04/24,20:26:21,person,91,84,90,83,7,7,4,154,-96,111.66
03/04/24,20:26:21,person,91,84,90,83,7,7,202,123,25,117.65
03/04/24,20:27:08,person,83,76,83,76,0,0,83,76,0,0.0
03/04/24,20:27:08,person,83,76,83,76,0,0,246,86,0,163.31
03/04/24,20:27:08,person,83,76,83,76,0,0,4,160,0,115.31
03/04/24,20:27:08,person,83,76,83,76,0,0,199,125,0,125.92
03/04/24,20:27:10,person,85,80,83,76,0,0,85,80,0,0.0
03/04/24,20:27:10,person,85,80,83,76,0,0,200,126,0,123.86
03/04/24,20:27:12,person,87,88,85,80,2,4,87,88,0,0.0
03/04/24,20:27:12,person,87,88,85,80,2,4,200,126,44,119.22
03/04/24,20:27:12,person,87,88,85,80,2,4,4,162,-74,111.2
03/04/24,20:27:14,person,90,83,87,88,4,12,90,83,0,0.0
03/04/24,20:27:14,person,90,83,87,88,4,12,201,123,51,117.99
03/04/24,20:27:14,person,90,83,87,88,4,12,4,162,-65,116.78
03/04/24,20:27:16,person,91,84,90,83,7,7,91,84,0,0.0
03/04/24,20:27:16,person,91,84,90,83,7,7,4,154,-96,111.66
03/04/24,20:27:16,person,91,84,90,83,7,7,202,123,25,117.65
03/04/24,20:27:18,person,90,83,91,84,16,16,90,83,0,0.0
03/04/24,20:27:18,person,90,83,91,84,16,16,5,153,-95,110.11
03/04/24,20:27:18,person,90,83,91,84,16,16,202,124,24,119.27
03/04/24,20:27:20,person,93,75,90,83,10,6,93,75,0,0.0
03/04/24,20:27:20,person,93,75,90,83,10,6,6,153,-107,116.85
03/04/24,20:27:20,person,93,75,90,83,10,6,204,121,8,120.15
03/04/24,20:28:25,person,83,76,83,76,0,0,83,76,0,0.0
03/04/24,20:28:25,person,83,76,83,76,0,0,246,86,0,163.31
03/04/24,20:28:25,person,83,76,83,76,0,0,4,160,0,115.31
03/04/24,20:28:25,person,83,76,83,76,0,0,199,125,0,125.92
03/04/24,20:28:27,person,85,80,83,76,0,0,85,80,0,0.0
03/04/24,20:28:27,person,85,80,83,76,0,0,200,126,0,123.86
03/04/24,20:28:29,person,87,88,85,80,2,4,87,88,0,0.0
03/04/24,20:28:29,person,87,88,85,80,2,4,200,126,44,119.22
03/04/24,20:28:29,person,87,88,85,80,2,4,4,162,-74,111.2
03/04/24,20:28:31,person,90,83,87,88,4,12,90,83,0,0.0
03/04/24,20:28:31,person,90,83,87,88,4,12,201,123,51,117.99
03/04/24,20:28:31,person,90,83,87,88,4,12,4,162,-65,116.78
03/04/24,20:28:34,person,91,84,90,83,7,7,91,84,0,0.0
03/04/24,20:28:34,person,91,84,90,83,7,7,4,154,-96,111.66
03/04/24,20:28:34,person,91,84,90,83,7,7,202,123,25,117.65
03/04/24,20:28:36,person,90,83,91,84,16,16,90,83,0,0.0
03/04/24,20:28:36,person,90,83,91,84,16,16,5,153,-95,110.11
03/04/24,20:28:36,person,90,83,91,84,16,16,202,124,24,119.27
03/04/24,20:28:38,person,93,75,90,83,10,6,93,75,0,0.0
03/04/24,20:28:38,person,93,75,90,83,10,6,6,153,-107,116.85
03/04/24,20:28:38,person,93,75,90,83,10,6,204,121,8,120.15
03/04/24,20:28:40,person,98,79,93,75,12,-26,98,79,0,0.0
03/04/24,20:28:40,person,98,79,93,75,12,-26,7,151,153,116.04
03/04/24,20:28:40,person,98,79,93,75,12,-26,205,121,-86,114.95
03/04/24,20:28:42,person,98,79,98,79,16,-8,98,79,0,0.0
03/04/24,20:28:42,person,98,79,98,79,16,-8,9,153,-166,115.75
03/04/24,20:28:42,person,98,79,98,79,16,-8,207,122,-48,117.18
03/04/24,20:28:45,person,100,77,98,79,14,-10,11,159,-172,121.02
03/04/24,20:28:45,person,100,77,98,79,14,-10,100,77,0,0.0
03/04/24,20:28:45,person,100,77,98,79,14,-10,209,116,-55,115.77
03/04/24,20:28:47,person,100,77,100,77,20,-12,12,160,-167,120.97
03/04/24,20:28:47,person,100,77,100,77,20,-12,100,77,0,0.0
03/04/24,20:28:47,person,100,77,100,77,20,-12,122,46,23,38.01
03/04/24,20:28:47,person,100,77,100,77,20,-12,210,117,-50,117.05
03/04/24,20:28:49,person,104,75,100,77,14,4,13,159,-121,123.84
03/04/24,20:28:49,person,104,75,100,77,14,4,104,75,0,0.0
03/04/24,20:29:14,person,83,76,83,76,0,0,83,76,0,0.0
03/04/24,20:29:14,person,83,76,83,76,0,0,246,86,0,163.31
03/04/24,20:29:14,person,83,76,83,76,0,0,4,160,0,115.31
03/04/24,20:29:14,person,83,76,83,76,0,0,199,125,0,125.92
03/04/24,20:29:16,person,85,80,83,76,0,0,85,80,0,0.0
03/04/24,20:29:16,person,85,80,83,76,0,0,200,126,0,123.86
03/04/24,20:29:18,person,87,88,85,80,2,4,87,88,0,0.0
03/04/24,20:29:18,person,87,88,85,80,2,4,200,126,44,119.22
03/04/24,20:29:18,person,87,88,85,80,2,4,4,162,-74,111.2
03/04/24,20:29:20,person,90,83,87,88,4,12,90,83,0,0.0
03/04/24,20:29:20,person,90,83,87,88,4,12,201,123,51,117.99
03/04/24,20:29:20,person,90,83,87,88,4,12,4,162,-65,116.78
03/04/24,20:29:22,person,91,84,90,83,7,7,91,84,0,0.0
03/04/24,20:29:22,person,91,84,90,83,7,7,4,154,-96,111.66
03/04/24,20:29:22,person,91,84,90,83,7,7,202,123,25,117.65
03/04/24,20:29:25,person,90,83,91,84,16,16,90,83,0,0.0
03/04/24,20:29:25,person,90,83,91,84,16,16,5,153,-95,110.11
03/04/24,20:29:25,person,90,83,91,84,16,16,202,124,24,119.27
03/04/24,20:29:27,person,93,75,90,83,10,6,93,75,0,0.0
03/04/24,20:29:27,person,93,75,90,83,10,6,6,153,-107,116.85
03/04/24,20:29:27,person,93,75,90,83,10,6,204,121,8,120.15
03/04/24,20:29:29,person,98,79,93,75,12,-26,98,79,0,0.0
03/04/24,20:29:29,person,98,79,93,75,12,-26,7,151,153,116.04
03/04/24,20:29:29,person,98,79,93,75,12,-26,205,121,-86,114.95
03/04/24,20:29:31,person,98,79,98,79,16,-8,98,79,0,0.0
03/04/24,20:29:31,person,98,79,98,79,16,-8,9,153,-166,115.75
03/04/24,20:29:31,person,98,79,98,79,16,-8,207,122,-48,117.18
03/04/24,20:29:33,person,100,77,98,79,14,-10,11,159,-172,121.02
03/04/24,20:29:33,person,100,77,98,79,14,-10,100,77,0,0.0
03/04/24,20:29:33,person,100,77,98,79,14,-10,209,116,-55,115.77
03/04/24,20:29:35,person,100,77,100,77,20,-12,12,160,-167,120.97
03/04/24,20:29:35,person,100,77,100,77,20,-12,100,77,0,0.0
03/04/24,20:29:35,person,100,77,100,77,20,-12,122,46,23,38.01
03/04/24,20:29:35,person,100,77,100,77,20,-12,210,117,-50,117.05
03/04/24,20:29:38,person,104,75,100,77,14,4,13,159,-121,123.84
03/04/24,20:29:38,person,104,75,100,77,14,4,104,75,0,0.0
03/04/24,20:29:40,person,104,75,104,75,12,-8,16,157,-170,120.28
03/04/24,20:29:40,person,104,75,104,75,12,-8,104,75,0,0.0
03/04/24,20:29:42,person,104,77,104,75,12,-8,17,158,-170,118.87
03/04/24,20:29:42,person,104,77,104,75,12,-8,104,77,0,0.0
03/04/24,20:29:42,person,104,77,104,75,12,-8,242,63,-27,138.71
03/04/24,20:29:44,person,107,76,104,77,8,0,19,159,-136,120.97
03/04/24,20:29:44,person,107,76,104,77,8,0,107,76,0,0.0
03/04/24,20:29:44,person,107,76,104,77,8,0,244,64,5,137.52
03/04/24,20:29:46,person,107,76,107,76,14,-2,19,159,-144,120.97
03/04/24,20:29:46,person,107,76,107,76,14,-2,107,76,0,0.0
03/04/24,20:29:46,person,107,76,107,76,14,-2,242,75,-7,135.0
03/04/24,20:29:46,person,107,76,107,76,14,-2,131,45,44,39.2
03/04/24,20:29:49,person,110,76,107,76,6,2,20,161,-118,123.79
03/04/24,20:29:49,person,110,76,107,76,6,2,110,76,0,0.0
03/04/24,20:29:49,person,110,76,107,76,6,2,243,84,14,133.24
03/04/24,20:29:49,person,110,76,107,76,6,2,131,48,71,35.0
03/04/24,20:29:51,person,111,74,110,76,12,2,23,160,-126,123.04
03/04/24,20:29:51,person,111,74,110,76,12,2,111,74,0,0.0
03/04/24,20:29:51,person,111,74,110,76,12,2,133,55,50,29.07
03/04/24,20:29:51,person,111,74,110,76,12,2,243,85,4,132.46
03/04/24,20:29:53,person,113,71,111,74,14,-6,23,159,-158,125.87
03/04/24,20:29:53,person,113,71,111,74,14,-6,113,71,0,0.0
03/04/24,20:29:53,person,113,71,111,74,14,-6,136,53,14,29.21
03/04/24,20:29:53,person,113,71,111,74,14,-6,243,91,-31,131.53
03/04/24,20:29:55,person,113,74,113,71,12,-10,25,156,-176,120.28
03/04/24,20:29:55,person,113,74,113,71,12,-10,1,98,152,114.54
03/04/24,20:29:55,person,113,74,113,71,12,-10,113,74,0,0.0
03/04/24,20:29:55,person,113,74,113,71,12,-10,141,50,0,36.88
03/04/24,20:29:55,person,113,74,113,71,12,-10,243,91,-47,131.11
03/04/24,20:29:57,person,113,74,113,74,12,-4,25,156,-155,120.28
03/04/24,20:29:57,person,113,74,113,74,12,-4,1,101,175,115.21
03/04/24,20:29:57,person,113,74,113,74,12,-4,113,74,0,0.0
03/04/24,20:29:57,person,113,74,113,74,12,-4,145,45,23,43.19
03/04/24,20:29:57,person,113,74,113,74,12,-4,244,88,-24,131.75
03/04/24,20:31:10,person,83,76,83,76,0,0,83,76,0,0.0
03/04/24,20:31:10,person,83,76,83,76,0,0,246,86,0,163.31
03/04/24,20:31:10,person,83,76,83,76,0,0,4,160,0,115.31
03/04/24,20:31:10,person,83,76,83,76,0,0,199,125,0,125.92
03/04/24,20:31:12,person,85,80,83,76,0,0,85,80,0,0.0
03/04/24,20:31:12,person,85,80,83,76,0,0,200,126,0,123.86
03/04/24,20:31:15,person,87,88,85,80,2,4,87,88,0,0.0
03/04/24,20:31:15,person,87,88,85,80,2,4,200,126,44,119.22
03/04/24,20:31:15,person,87,88,85,80,2,4,4,162,-74,111.2
03/04/24,20:31:17,person,90,83,87,88,4,12,90,83,0,0.0
03/04/24,20:31:17,person,90,83,87,88,4,12,201,123,51,117.99
03/04/24,20:31:17,person,90,83,87,88,4,12,4,162,-65,116.78
03/04/24,20:31:19,person,91,84,90,83,7,7,91,84,0,0.0
03/04/24,20:31:19,person,91,84,90,83,7,7,4,154,-96,111.66
03/04/24,20:31:19,person,91,84,90,83,7,7,202,123,25,117.65
03/04/24,20:31:21,person,90,83,91,84,16,16,90,83,0,0.0
03/04/24,20:31:21,person,90,83,91,84,16,16,5,153,-95,110.11
03/04/24,20:31:21,person,90,83,91,84,16,16,202,124,24,119.27
03/04/24,20:31:24,person,93,75,90,83,10,6,93,75,0,0.0
03/04/24,20:31:24,person,93,75,90,83,10,6,6,153,-107,116.85
03/04/24,20:31:24,person,93,75,90,83,10,6,204,121,8,120.15
03/04/24,20:31:26,person,98,79,93,75,12,-26,98,79,0,0.0
03/04/24,20:31:26,person,98,79,93,75,12,-26,7,151,153,116.04
03/04/24,20:31:26,person,98,79,93,75,12,-26,205,121,-86,114.95
03/04/24,20:31:28,person,98,79,98,79,16,-8,98,79,0,0.0
03/04/24,20:31:28,person,98,79,98,79,16,-8,9,153,-166,115.75
03/04/24,20:31:28,person,98,79,98,79,16,-8,207,122,-48,117.18
03/04/24,20:31:30,person,100,77,98,79,14,-10,11,159,-172,121.02
03/04/24,20:31:30,person,100,77,98,79,14,-10,100,77,0,0.0
03/04/24,20:31:30,person,100,77,98,79,14,-10,209,116,-55,115.77
03/04/24,20:31:32,person,100,77,100,77,20,-12,12,160,-167,120.97
03/04/24,20:31:32,person,100,77,100,77,20,-12,100,77,0,0.0
03/04/24,20:31:32,person,100,77,100,77,20,-12,122,46,23,38.01
03/04/24,20:31:32,person,100,77,100,77,20,-12,210,117,-50,117.05
03/04/24,20:31:35,person,104,75,100,77,14,4,13,159,-121,123.84
03/04/24,20:31:35,person,104,75,100,77,14,4,104,75,0,0.0
03/04/24,20:31:37,person,104,75,104,75,12,-8,16,157,-170,120.28
03/04/24,20:31:37,person,104,75,104,75,12,-8,104,75,0,0.0
03/04/24,20:31:39,person,104,77,104,75,12,-8,17,158,-170,118.87
03/04/24,20:31:39,person,104,77,104,75,12,-8,104,77,0,0.0
03/04/24,20:31:39,person,104,77,104,75,12,-8,242,63,-27,138.71
03/04/24,20:31:41,person,107,76,104,77,8,0,19,159,-136,120.97
03/04/24,20:31:41,person,107,76,104,77,8,0,107,76,0,0.0
03/04/24,20:31:41,person,107,76,104,77,8,0,244,64,5,137.52
03/04/24,20:31:44,person,107,76,107,76,14,-2,19,159,-144,120.97
03/04/24,20:31:44,person,107,76,107,76,14,-2,107,76,0,0.0
03/04/24,20:31:44,person,107,76,107,76,14,-2,242,75,-7,135.0
03/04/24,20:31:44,person,107,76,107,76,14,-2,131,45,44,39.2
03/04/24,20:31:46,person,110,76,107,76,6,2,20,161,-118,123.79
03/04/24,20:31:46,person,110,76,107,76,6,2,110,76,0,0.0
03/04/24,20:31:46,person,110,76,107,76,6,2,243,84,14,133.24
03/04/24,20:31:46,person,110,76,107,76,6,2,131,48,71,35.0
03/04/24,20:31:48,person,111,74,110,76,12,2,23,160,-126,123.04
03/04/24,20:31:48,person,111,74,110,76,12,2,111,74,0,0.0
03/04/24,20:31:48,person,111,74,110,76,12,2,133,55,50,29.07
03/04/24,20:31:48,person,111,74,110,76,12,2,243,85,4,132.46
03/04/24,20:31:50,person,113,71,111,74,14,-6,23,159,-158,125.87
03/04/24,20:31:50,person,113,71,111,74,14,-6,113,71,0,0.0
03/04/24,20:31:50,person,113,71,111,74,14,-6,136,53,14,29.21
03/04/24,20:31:50,person,113,71,111,74,14,-6,243,91,-31,131.53
03/04/24,20:31:53,person,113,74,113,71,12,-10,25,156,-176,120.28
03/04/24,20:31:53,person,113,74,113,71,12,-10,1,98,152,114.54
03/04/24,20:31:53,person,113,74,113,71,12,-10,113,74,0,0.0
03/04/24,20:31:53,person,113,74,113,71,12,-10,141,50,0,36.88
03/04/24,20:31:53,person,113,74,113,71,12,-10,243,91,-47,131.11
04/04/24,17:13:55,person,83,76,83,76,0,0,83,76,0,0.0
04/04/24,17:13:55,person,83,76,83,76,0,0,246,86,0,163.31
04/04/24,17:13:55,person,83,76,83,76,0,0,4,160,0,115.31
04/04/24,17:13:55,person,83,76,83,76,0,0,199,125,0,125.92
04/04/24,17:13:58,person,85,80,83,76,0,0,85,80,0,0.0
04/04/24,17:13:58,person,85,80,83,76,0,0,200,126,0,123.86
04/04/24,17:14:00,person,87,88,85,80,2,4,87,88,0,0.0
04/04/24,17:14:00,person,87,88,85,80,2,4,200,126,44,119.22
04/04/24,17:14:00,person,87,88,85,80,2,4,4,162,-74,111.2
04/04/24,17:14:02,person,90,83,87,88,4,12,90,83,0,0.0
04/04/24,17:14:02,person,90,83,87,88,4,12,201,123,51,117.99
04/04/24,17:14:02,person,90,83,87,88,4,12,4,162,-65,116.78
04/04/24,17:14:04,person,91,84,90,83,7,7,91,84,0,0.0
04/04/24,17:14:04,person,91,84,90,83,7,7,4,154,-96,111.66
04/04/24,17:14:04,person,91,84,90,83,7,7,202,123,25,117.65
04/04/24,17:14:06,person,90,83,91,84,16,16,90,83,0,0.0
04/04/24,17:14:06,person,90,83,91,84,16,16,5,153,-95,110.11
04/04/24,17:14:06,person,90,83,91,84,16,16,202,124,24,119.27
04/04/24,17:14:08,person,93,75,90,83,10,6,93,75,0,0.0
04/04/24,17:14:08,person,93,75,90,83,10,6,6,153,-107,116.85
04/04/24,17:14:08,person,93,75,90,83,10,6,204,121,8,120.15
04/04/24,17:14:10,person,98,79,93,75,12,-26,98,79,0,0.0
04/04/24,17:14:10,person,98,79,93,75,12,-26,7,151,153,116.04
04/04/24,17:14:10,person,98,79,93,75,12,-26,205,121,-86,114.95
04/04/24,17:14:12,person,98,79,98,79,16,-8,98,79,0,0.0
04/04/24,17:14:12,person,98,79,98,79,16,-8,9,153,-166,115.75
04/04/24,17:14:12,person,98,79,98,79,16,-8,207,122,-48,117.18
04/04/24,17:14:14,person,100,77,98,79,14,-10,11,159,-172,121.02
04/04/24,17:14:14,person,100,77,98,79,14,-10,100,77,0,0.0
04/04/24,17:14:14,person,100,77,98,79,14,-10,209,116,-55,115.77
04/04/24,17:14:16,person,100,77,100,77,20,-12,12,160,-167,120.97
04/04/24,17:14:16,person,100,77,100,77,20,-12,100,77,0,0.0
04/04/24,17:14:16,person,100,77,100,77,20,-12,122,46,23,38.01
04/04/24,17:14:16,person,100,77,100,77,20,-12,210,117,-50,117.05
04/04/24,17:14:19,person,104,75,100,77,14,4,13,159,-121,123.84
04/04/24,17:14:19,person,104,75,100,77,14,4,104,75,0,0.0
04/04/24,17:14:21,person,104,75,104,75,12,-8,16,157,-170,120.28
04/04/24,17:14:21,person,104,75,104,75,12,-8,104,75,0,0.0
04/04/24,17:14:23,person,104,77,104,75,12,-8,17,158,-170,118.87
04/04/24,17:14:23,person,104,77,104,75,12,-8,104,77,0,0.0
04/04/24,17:14:23,person,104,77,104,75,12,-8,242,63,-27,138.71
04/04/24,17:14:25,person,107,76,104,77,8,0,19,159,-136,120.97
04/04/24,17:14:25,person,107,76,104,77,8,0,107,76,0,0.0
04/04/24,17:14:25,person,107,76,104,77,8,0,244,64,5,137.52
04/04/24,17:14:27,person,107,76,107,76,14,-2,19,159,-144,120.97
04/04/24,17:14:27,person,107,76,107,76,14,-2,107,76,0,0.0
04/04/24,17:14:27,person,107,76,107,76,14,-2,242,75,-7,135.0
04/04/24,17:14:27,person,107,76,107,76,14,-2,131,45,44,39.2
04/04/24,17:14:29,person,110,76,107,76,6,2,20,161,-118,123.79
04/04/24,17:14:29,person,110,76,107,76,6,2,110,76,0,0.0
04/04/24,17:14:29,person,110,76,107,76,6,2,243,84,14,133.24
04/04/24,17:14:29,person,110,76,107,76,6,2,131,48,71,35.0
04/04/24,17:14:31,person,111,74,110,76,12,2,23,160,-126,123.04
04/04/24,17:14:31,person,111,74,110,76,12,2,111,74,0,0.0
04/04/24,17:14:31,person,111,74,110,76,12,2,133,55,50,29.07
04/04/24,17:14:31,person,111,74,110,76,12,2,243,85,4,132.46
04/04/24,17:14:33,person,113,71,111,74,14,-6,23,159,-158,125.87
04/04/24,17:14:33,person,113,71,111,74,14,-6,113,71,0,0.0
04/04/24,17:14:33,person,113,71,111,74,14,-6,136,53,14,29.21
04/04/24,17:14:33,person,113,71,111,74,14,-6,243,91,-31,131.53
04/04/24,17:14:35,person,113,74,113,71,12,-10,25,156,-176,120.28
04/04/24,17:14:35,person,113,74,113,71,12,-10,1,98,152,114.54
04/04/24,17:14:35,person,113,74,113,71,12,-10,113,74,0,0.0
04/04/24,17:14:35,person,113,74,113,71,12,-10,141,50,0,36.88
04/04/24,17:14:35,person,113,74,113,71,12,-10,243,91,-47,131.11
04/04/24,17:14:38,person,113,74,113,74,12,-4,25,156,-155,120.28
04/04/24,17:14:38,person,113,74,113,74,12,-4,1,101,175,115.21
04/04/24,17:14:38,person,113,74,113,74,12,-4,113,74,0,0.0
04/04/24,17:14:38,person,113,74,113,74,12,-4,145,45,23,43.19
04/04/24,17:14:38,person,113,74,113,74,12,-4,244,88,-24,131.75
04/04/24,17:14:40,person,114,77,113,74,6,-4,27,161,-169,120.93
04/04/24,17:14:40,person,114,77,113,74,6,-4,4,99,157,112.18
04/04/24,17:14:40,person,114,77,113,74,6,-4,114,77,0,0.0
04/04/24,17:14:40,person,114,77,113,74,6,-4,144,54,3,37.8
04/04/24,17:14:40,person,114,77,113,74,6,-4,243,91,-39,129.76
04/04/24,17:14:42,person,115,75,114,77,6,6,30,162,-89,121.63
04/04/24,17:14:42,person,115,75,114,77,6,6,7,98,-122,110.42
04/04/24,17:14:42,person,115,75,114,77,6,6,115,75,0,0.0
04/04/24,17:14:42,person,115,75,114,77,6,6,142,63,68,29.55
04/04/24,17:14:42,person,115,75,114,77,6,6,243,94,36,129.4
04/04/24,17:14:44,person,115,78,115,75,4,8,32,162,-71,118.09
04/04/24,17:14:44,person,115,78,115,75,4,8,9,93,-108,107.06
04/04/24,17:14:44,person,115,78,115,75,4,8,115,78,0,0.0
04/04/24,17:14:44,person,115,78,115,75,4,8,151,50,101,45.61
04/04/24,17:14:44,person,115,78,115,75,4,8,243,96,55,129.26
04/04/24,17:14:46,person,119,79,115,78,4,8,35,160,-72,116.69
04/04/24,17:14:46,person,119,79,115,78,4,8,119,79,0,0.0
04/04/24,17:14:46,person,119,79,115,78,4,8,11,93,-109,108.9
04/04/24,17:14:46,person,119,79,115,78,4,8,153,49,104,45.34
04/04/24,17:14:46,person,119,79,115,78,4,8,243,97,55,125.3
04/04/24,17:14:48,person,119,81,119,79,12,10,119,81,0,0.0
04/04/24,17:14:48,person,119,81,119,79,12,10,36,160,-96,114.59
04/04/24,17:14:48,person,119,81,119,79,12,10,11,93,-133,108.66
04/04/24,17:14:48,person,119,81,119,79,12,10,156,50,79,48.27
04/04/24,17:14:48,person,119,81,119,79,12,10,243,95,33,124.79
04/04/24,17:14:51,person,119,81,119,81,10,8,119,81,0,0.0
04/04/24,17:14:51,person,119,81,119,81,10,8,10,96,-133,110.03
04/04/24,17:14:51,person,119,81,119,81,10,8,38,163,-95,115.26
04/04/24,17:14:51,person,119,81,119,81,10,8,155,50,79,47.51
04/04/24,17:14:51,person,119,81,119,81,10,8,242,97,31,124.04
04/04/24,17:20:54,person,83,76,83,76,0,0,83,76,0,0.0
04/04/24,17:20:54,person,83,76,83,76,0,0,246,86,0,163.31
04/04/24,17:20:54,person,83,76,83,76,0,0,4,160,0,115.31
04/04/24,17:20:54,person,83,76,83,76,0,0,199,125,0,125.92
04/04/24,17:25:33,person,83,76,83,76,0,0,83,76,0,0.0
04/04/24,17:25:33,person,83,76,83,76,0,0,246,86,0,163.31
04/04/24,17:25:33,person,83,76,83,76,0,0,4,160,0,115.31
04/04/24,17:25:33,person,83,76,83,76,0,0,199,125,0,125.92
04/04/24,17:27:43,person,83,76,83,76,0,0,83,76,0,0.0
04/04/24,17:27:43,person,83,76,83,76,0,0,246,86,0,163.31
04/04/24,17:27:43,person,83,76,83,76,0,0,4,160,0,115.31
04/04/24,17:27:43,person,83,76,83,76,0,0,199,125,0,125.92
04/04/24,17:41:33,person,83,76,83,76,0,0,83,76,0,0.0
04/04/24,17:41:33,person,83,76,83,76,0,0,246,86,0,163.31
04/04/24,17:41:33,person,83,76,83,76,0,0,4,160,0,115.31
04/04/24,17:41:33,person,83,76,83,76,0,0,199,125,0,125.92
04/04/24,17:58:34,person,83,76,83,76,0,0,83,76,0,0.0
04/04/24,17:58:34,person,83,76,83,76,0,0,246,86,0,163.31
04/04/24,17:58:34,person,83,76,83,76,0,0,4,160,0,115.31
04/04/24,17:58:34,person,83,76,83,76,0,0,199,125,0,125.92
04/04/24,17:58:36,person,85,80,83,76,0,0,85,80,0,0.0
04/04/24,17:58:36,person,85,80,83,76,0,0,200,126,0,123.86
04/04/24,17:58:39,person,87,88,85,80,0,0,87,88,0,0.0
04/04/24,17:58:39,person,87,88,85,80,0,0,200,126,0,119.22
04/04/24,17:58:39,person,87,88,85,80,0,0,4,162,0,111.2
04/04/24,17:58:41,person,90,83,87,88,0,0,90,83,0,0.0
04/04/24,17:58:41,person,90,83,87,88,0,0,201,123,0,117.99
04/04/24,17:58:41,person,90,83,87,88,0,0,4,162,0,116.78
04/04/24,17:58:43,person,91,84,90,83,0,0,91,84,0,0.0
04/04/24,17:58:43,person,91,84,90,83,0,0,4,154,0,111.66
04/04/24,17:58:43,person,91,84,90,83,0,0,202,123,0,117.65
04/04/24,17:58:45,person,90,83,91,84,0,0,90,83,0,0.0
04/04/24,17:58:45,person,90,83,91,84,0,0,5,153,0,110.11
04/04/24,17:58:45,person,90,83,91,84,0,0,202,124,0,119.27
04/04/24,17:58:47,person,93,75,90,83,0,0,93,75,0,0.0
04/04/24,17:58:47,person,93,75,90,83,0,0,6,153,0,116.85
04/04/24,17:58:47,person,93,75,90,83,0,0,204,121,0,120.15
04/04/24,17:58:49,person,98,79,93,75,0,0,98,79,0,0.0
04/04/24,17:58:49,person,98,79,93,75,0,0,7,151,0,116.04
04/04/24,17:58:49,person,98,79,93,75,0,0,205,121,0,114.95
04/04/24,18:01:11,person,83,76,83,76,0,0,83,76,0,0.0
04/04/24,18:01:11,person,83,76,83,76,0,0,246,86,0,163.31
04/04/24,18:01:11,person,83,76,83,76,0,0,4,160,0,115.31
04/04/24,18:01:11,person,83,76,83,76,0,0,199,125,0,125.92
04/04/24,18:01:13,person,85,80,83,76,0,0,85,80,0,0.0
04/04/24,18:01:13,person,85,80,83,76,0,0,200,126,0,123.86
04/04/24,18:01:15,person,87,88,85,80,0,0,87,88,0,0.0
04/04/24,18:01:15,person,87,88,85,80,0,0,200,126,0,119.22
04/04/24,18:01:15,person,87,88,85,80,0,0,4,162,0,111.2
04/04/24,18:01:17,person,90,83,87,88,0,0,90,83,0,0.0
04/04/24,18:01:17,person,90,83,87,88,0,0,201,123,0,117.99
04/04/24,18:01:17,person,90,83,87,88,0,0,4,162,0,116.78
04/04/24,18:01:19,person,91,84,90,83,0,0,91,84,0,0.0
04/04/24,18:01:19,person,91,84,90,83,0,0,4,154,0,111.66
04/04/24,18:01:19,person,91,84,90,83,0,0,202,123,0,117.65
04/04/24,18:01:21,person,90,83,91,84,0,0,90,83,0,0.0
04/04/24,18:01:21,person,90,83,91,84,0,0,5,153,0,110.11
04/04/24,18:01:21,person,90,83,91,84,0,0,202,124,0,119.27
04/04/24,18:01:24,person,93,75,90,83,0,0,93,75,0,0.0
04/04/24,18:01:24,person,93,75,90,83,0,0,6,153,0,116.85
04/04/24,18:01:24,person,93,75,90,83,0,0,204,121,0,120.15
04/04/24,18:01:26,person,98,79,93,75,0,0,98,79,0,0.0
04/04/24,18:01:26,person,98,79,93,75,0,0,7,151,0,116.04
04/04/24,18:01:26,person,98,79,93,75,0,0,205,121,0,114.95
04/04/24,18:01:28,person,98,79,98,79,0,0,98,79,0,0.0
04/04/24,18:01:28,person,98,79,98,79,0,0,9,153,0,115.75
04/04/24,18:01:28,person,98,79,98,79,0,0,207,122,0,117.18
04/04/24,18:01:30,person,100,77,98,79,0,0,11,159,0,121.02
04/04/24,18:01:30,person,100,77,98,79,0,0,100,77,0,0.0
04/04/24,18:01:30,person,100,77,98,79,0,0,209,116,0,115.77
04/04/24,18:01:32,person,100,77,100,77,0,0,12,160,0,120.97
04/04/24,18:01:32,person,100,77,100,77,0,0,100,77,0,0.0
04/04/24,18:01:32,person,100,77,100,77,0,0,122,46,0,38.01
04/04/24,18:01:32,person,100,77,100,77,0,0,210,117,0,117.05
04/04/24,18:01:34,person,104,75,100,77,0,0,13,159,0,123.84
04/04/24,18:01:34,person,104,75,100,77,0,0,104,75,0,0.0
04/04/24,18:01:36,person,104,75,104,75,0,0,16,157,0,120.28
04/04/24,18:01:36,person,104,75,104,75,0,0,104,75,0,0.0
04/04/24,18:01:39,person,104,77,104,75,0,0,17,158,0,118.87
04/04/24,18:01:39,person,104,77,104,75,0,0,104,77,0,0.0
04/04/24,18:01:39,person,104,77,104,75,0,0,242,63,0,138.71
04/04/24,18:01:41,person,107,76,104,77,0,0,19,159,0,120.97
04/04/24,18:01:41,person,107,76,104,77,0,0,107,76,0,0.0
04/04/24,18:01:41,person,107,76,104,77,0,0,244,64,0,137.52
04/04/24,18:01:43,person,107,76,107,76,0,0,19,159,0,120.97
04/04/24,18:01:43,person,107,76,107,76,0,0,107,76,0,0.0
04/04/24,18:01:43,person,107,76,107,76,0,0,242,75,0,135.0
04/04/24,18:01:43,person,107,76,107,76,0,0,131,45,0,39.2
04/04/24,18:01:45,person,110,76,107,76,0,0,20,161,0,123.79
04/04/24,18:01:45,person,110,76,107,76,0,0,110,76,0,0.0
04/04/24,18:01:45,person,110,76,107,76,0,0,243,84,0,133.24
04/04/24,18:01:45,person,110,76,107,76,0,0,131,48,0,35.0
04/04/24,18:01:47,person,111,74,110,76,0,0,23,160,0,123.04
04/04/24,18:01:47,person,111,74,110,76,0,0,111,74,0,0.0
04/04/24,18:01:47,person,111,74,110,76,0,0,133,55,0,29.07
04/04/24,18:01:47,person,111,74,110,76,0,0,243,85,0,132.46
04/04/24,18:01:49,person,113,71,111,74,0,0,23,159,0,125.87
04/04/24,18:01:49,person,113,71,111,74,0,0,113,71,0,0.0
04/04/24,18:01:49,person,113,71,111,74,0,0,136,53,0,29.21
04/04/24,18:01:49,person,113,71,111,74,0,0,243,91,0,131.53
04/04/24,18:01:52,person,113,74,113,71,0,0,25,156,0,120.28
04/04/24,18:01:52,person,113,74,113,71,0,0,1,98,0,114.54
04/04/24,18:01:52,person,113,74,113,71,0,0,113,74,0,0.0
04/04/24,18:01:52,person,113,74,113,71,0,0,141,50,0,36.88
04/04/24,18:01:52,person,113,74,113,71,0,0,243,91,0,131.11
04/04/24,18:01:54,person,113,74,113,74,0,0,25,156,0,120.28
04/04/24,18:01:54,person,113,74,113,74,0,0,1,101,0,115.21
04/04/24,18:01:54,person,113,74,113,74,0,0,113,74,0,0.0
04/04/24,18:01:54,person,113,74,113,74,0,0,145,45,0,43.19
04/04/24,18:01:54,person,113,74,113,74,0,0,244,88,0,131.75
04/04/24,18:01:56,person,114,77,113,74,0,0,27,161,0,120.93
04/04/24,18:01:56,person,114,77,113,74,0,0,4,99,0,112.18
04/04/24,18:01:56,person,114,77,113,74,0,0,114,77,0,0.0
04/04/24,18:01:56,person,114,77,113,74,0,0,144,54,0,37.8
04/04/24,18:01:56,person,114,77,113,74,0,0,243,91,0,129.76
04/04/24,18:01:58,person,115,75,114,77,0,0,30,162,0,121.63
04/04/24,18:01:58,person,115,75,114,77,0,0,7,98,0,110.42
04/04/24,18:01:58,person,115,75,114,77,0,0,115,75,0,0.0
04/04/24,18:01:58,person,115,75,114,77,0,0,142,63,0,29.55
04/04/24,18:01:58,person,115,75,114,77,0,0,243,94,0,129.4
04/04/24,18:02:00,person,115,78,115,75,0,0,32,162,0,118.09
04/04/24,18:02:00,person,115,78,115,75,0,0,9,93,0,107.06
04/04/24,18:02:00,person,115,78,115,75,0,0,115,78,0,0.0
04/04/24,18:02:00,person,115,78,115,75,0,0,151,50,0,45.61
04/04/24,18:02:00,person,115,78,115,75,0,0,243,96,0,129.26
04/04/24,18:02:02,person,119,79,115,78,0,0,35,160,0,116.69
04/04/24,18:02:02,person,119,79,115,78,0,0,119,79,0,0.0
04/04/24,18:02:02,person,119,79,115,78,0,0,11,93,0,108.9
04/04/24,18:02:02,person,119,79,115,78,0,0,153,49,0,45.34
04/04/24,18:02:02,person,119,79,115,78,0,0,243,97,0,125.3
04/04/24,18:02:04,person,119,81,119,79,0,0,119,81,0,0.0
04/04/24,18:02:04,person,119,81,119,79,0,0,36,160,0,114.59
04/04/24,18:02:04,person,119,81,119,79,0,0,11,93,0,108.66
04/04/24,18:02:04,person,119,81,119,79,0,0,156,50,0,48.27
04/04/24,18:02:04,person,119,81,119,79,0,0,243,95,0,124.79
04/04/24,18:02:07,person,119,81,119,81,0,0,119,81,0,0.0
04/04/24,18:02:07,person,119,81,119,81,0,0,10,96,0,110.03
04/04/24,18:02:07,person,119,81,119,81,0,0,38,163,0,115.26
04/04/24,18:02:07,person,119,81,119,81,0,0,155,50,0,47.51
04/04/24,18:02:07,person,119,81,119,81,0,0,242,97,0,124.04
04/04/24,18:02:09,person,122,82,119,81,0,0,122,82,0,0.0
04/04/24,18:02:09,person,122,82,119,81,0,0,10,96,0,112.87
04/04/24,18:02:09,person,122,82,119,81,0,0,44,154,0,106.15
04/04/24,18:02:09,person,122,82,119,81,0,0,158,51,0,47.51
04/04/24,18:02:09,person,122,82,119,81,0,0,245,104,0,124.95
04/04/24,18:02:11,person,125,80,122,82,0,0,10,98,0,116.4
04/04/24,18:02:11,person,125,80,122,82,0,0,125,80,0,0.0
04/04/24,18:02:11,person,125,80,122,82,0,0,48,157,0,108.89
04/04/24,18:02:11,person,125,80,122,82,0,0,159,48,0,46.69
04/04/24,18:02:11,person,125,80,122,82,0,0,243,110,0,121.75
04/04/24,18:02:13,person,126,80,125,80,0,0,47,159,0,111.72
04/04/24,18:02:13,person,126,80,125,80,0,0,126,80,0,0.0
04/04/24,18:02:13,person,126,80,125,80,0,0,10,98,0,117.39
04/04/24,18:02:13,person,126,80,125,80,0,0,245,110,0,122.72
04/04/24,18:02:13,person,126,80,125,80,0,0,158,51,0,43.19
04/04/24,18:02:15,person,128,78,126,80,0,0,48,160,0,114.56
04/04/24,18:02:15,person,128,78,126,80,0,0,128,78,0,0.0
04/04/24,18:02:15,person,128,78,126,80,0,0,10,98,0,119.68
04/04/24,18:02:15,person,128,78,126,80,0,0,163,49,0,45.45
04/04/24,18:02:15,person,128,78,126,80,0,0,243,113,0,120.21
04/04/24,18:02:17,person,133,76,128,78,0,0,49,160,0,118.79
04/04/24,18:02:17,person,133,76,128,78,0,0,133,76,0,0.0
04/04/24,18:02:17,person,133,76,128,78,0,0,12,98,0,122.98
04/04/24,18:02:17,person,133,76,128,78,0,0,165,49,0,41.87
04/04/24,18:02:17,person,133,76,128,78,0,0,245,110,0,117.05
04/04/24,18:05:15,person,136,70,133,76,0,0,50,162,0,125.94
04/04/24,18:05:15,person,136,70,133,76,0,0,136,70,0,0.0
04/04/24,18:05:15,person,136,70,133,76,0,0,168,50,0,37.74
04/04/24,18:05:15,person,136,70,133,76,0,0,15,90,0,122.64
04/04/24,18:05:15,person,136,70,133,76,0,0,245,111,0,116.46
04/04/24,18:05:17,person,134,74,136,70,0,0,52,161,0,119.55
04/04/24,18:05:17,person,134,74,136,70,0,0,134,74,0,0.0
04/04/24,18:05:17,person,134,74,136,70,0,0,168,54,0,39.45
04/04/24,18:05:17,person,134,74,136,70,0,0,16,99,0,120.62
04/04/24,18:05:17,person,134,74,136,70,0,0,245,115,0,118.33
